node1,node2,prediction,probability
1,2,0,0.22956616
10,20,0,0.22956616
100,200,1,0.679654
